,m3,Nm3,kWh,E/M
2017-10-15,265.0,326.0,3736.0,E
2017-10-16,265.0,326.0,3736.0,E
2017-10-17,265.0,326.0,3736.0,E
2017-10-18,265.0,326.0,3736.0,E
2017-10-19,265.0,326.0,3736.0,E
2017-10-20,265.0,326.0,3736.0,E
2017-10-21,265.0,326.0,3736.0,E
2017-10-22,265.0,326.0,3736.0,E
2017-10-23,265.0,326.0,3736.0,E
2017-10-24,265.0,326.0,3736.0,E
2017-10-25,815.0,1013.0,11614.0,E
2017-10-26,815.0,1013.0,11614.0,E
2017-10-27,815.0,1013.0,11614.0,E
2017-10-28,815.0,1013.0,11614.0,E
2017-10-29,815.0,1013.0,11614.0,E
2017-10-30,815.0,1013.0,11614.0,E
2017-10-31,815.0,1013.0,11614.0,E
2017-11-01,815.0,1013.0,11614.0,E
2017-11-02,815.0,1013.0,11614.0,E
2017-11-03,815.0,1013.0,11614.0,E
2017-11-04,815.0,1013.0,11614.0,E
2017-11-05,815.0,1013.0,11614.0,E
2017-11-06,815.0,1013.0,11614.0,E
2017-11-07,815.0,1013.0,11614.0,E
2017-11-08,815.0,1013.0,11614.0,E
2017-11-09,815.0,1013.0,11614.0,E
2017-11-10,815.0,1013.0,11614.0,E
2017-11-11,815.0,1013.0,11614.0,E
2017-11-12,815.0,1013.0,11614.0,E
2017-11-13,815.0,1013.0,11614.0,E
2017-11-14,815.0,1013.0,11614.0,E
2017-11-15,815.0,1013.0,11614.0,E
2017-11-16,815.0,1013.0,11614.0,E
2017-11-17,815.0,1013.0,11614.0,E
2017-11-18,815.0,1013.0,11614.0,E
2017-11-19,815.0,1013.0,11614.0,E
2017-11-20,815.0,1013.0,11614.0,E
2017-11-21,815.0,1013.0,11614.0,E
2017-11-22,815.0,1013.0,11614.0,E
2017-11-23,815.0,1013.0,11614.0,E
2017-11-24,815.0,1013.0,11614.0,E
2017-11-25,1434.0,1804.0,20589.0,E
2017-11-26,1434.0,1804.0,20589.0,E
2017-11-27,1434.0,1804.0,20589.0,E
2017-11-28,1434.0,1804.0,20589.0,E
2017-11-29,1434.0,1804.0,20589.0,E
2017-11-30,1434.0,1804.0,20589.0,E
2017-12-01,1434.0,1804.0,20589.0,E
2017-12-02,1434.0,1804.0,20589.0,E
2017-12-03,1434.0,1804.0,20589.0,E
2017-12-04,1434.0,1804.0,20589.0,E
2017-12-05,1434.0,1804.0,20589.0,E
2017-12-06,1434.0,1804.0,20589.0,E
2017-12-07,1434.0,1804.0,20589.0,E
2017-12-08,1434.0,1804.0,20589.0,E
2017-12-09,1434.0,1804.0,20589.0,E
2017-12-10,1434.0,1804.0,20589.0,E
2017-12-11,1434.0,1804.0,20589.0,E
2017-12-12,1434.0,1804.0,20589.0,E
2017-12-13,1434.0,1804.0,20589.0,E
2017-12-14,1434.0,1804.0,20589.0,E
2017-12-15,1434.0,1804.0,20589.0,E
2017-12-16,1434.0,1804.0,20589.0,E
2017-12-17,1434.0,1804.0,20589.0,E
2017-12-18,1434.0,1804.0,20589.0,E
2017-12-19,1434.0,1804.0,20589.0,E
2017-12-20,1434.0,1804.0,20589.0,E
2017-12-21,1434.0,1804.0,20589.0,E
2017-12-22,1434.0,1804.0,20589.0,E
2017-12-23,1434.0,1804.0,20589.0,E
2017-12-24,1434.0,1804.0,20589.0,E
2017-12-25,1093.0,1367.0,15616.0,E
2017-12-26,1093.0,1367.0,15616.0,E
2017-12-27,1093.0,1367.0,15616.0,E
2017-12-28,1093.0,1367.0,15616.0,E
2017-12-29,1093.0,1367.0,15616.0,E
2017-12-30,1093.0,1367.0,15616.0,E
2017-12-31,1093.0,1367.0,15616.0,E
2018-01-01,1093.0,1367.0,15616.0,E
2018-01-02,1093.0,1367.0,15616.0,E
2018-01-03,1093.0,1367.0,15616.0,E
2018-01-04,1093.0,1367.0,15616.0,E
2018-01-05,1093.0,1367.0,15616.0,E
2018-01-06,1093.0,1367.0,15616.0,E
2018-01-07,1093.0,1367.0,15616.0,E
2018-01-08,1093.0,1367.0,15616.0,E
2018-01-09,1093.0,1367.0,15616.0,E
2018-01-10,1093.0,1367.0,15616.0,E
2018-01-11,1093.0,1367.0,15616.0,E
2018-01-12,1093.0,1367.0,15616.0,E
2018-01-13,1093.0,1367.0,15616.0,E
2018-01-14,1093.0,1367.0,15616.0,E
2018-01-15,1093.0,1367.0,15616.0,E
2018-01-16,1093.0,1367.0,15616.0,E
2018-01-17,1093.0,1367.0,15616.0,E
2018-01-18,1093.0,1367.0,15616.0,E
2018-01-19,1093.0,1367.0,15616.0,E
2018-01-20,1093.0,1367.0,15616.0,E
2018-01-21,1093.0,1367.0,15616.0,E
2018-01-22,1093.0,1367.0,15616.0,E
2018-01-23,1093.0,1367.0,15616.0,E
2018-01-24,1093.0,1367.0,15616.0,E
2018-01-25,1762.0,2227.0,25479.0,E
2018-01-26,1762.0,2227.0,25479.0,E
2018-01-27,1762.0,2227.0,25479.0,E
2018-01-28,1762.0,2227.0,25479.0,E
2018-01-29,1762.0,2227.0,25479.0,E
2018-01-30,1762.0,2227.0,25479.0,E
2018-01-31,1762.0,2227.0,25479.0,E
2018-02-01,1762.0,2227.0,25479.0,E
2018-02-02,1762.0,2227.0,25479.0,E
2018-02-03,1762.0,2227.0,25479.0,E
2018-02-04,1762.0,2227.0,25479.0,E
2018-02-05,1762.0,2227.0,25479.0,E
2018-02-06,1762.0,2227.0,25479.0,E
2018-02-07,1762.0,2227.0,25479.0,E
2018-02-08,1762.0,2227.0,25479.0,E
2018-02-09,1762.0,2227.0,25479.0,E
2018-02-10,1762.0,2227.0,25479.0,E
2018-02-11,1762.0,2227.0,25479.0,E
2018-02-12,1762.0,2227.0,25479.0,E
2018-02-13,1762.0,2227.0,25479.0,E
2018-02-14,1762.0,2227.0,25479.0,E
2018-02-15,1762.0,2227.0,25479.0,E
2018-02-16,1762.0,2227.0,25479.0,E
2018-02-17,1762.0,2227.0,25479.0,E
2018-02-18,1762.0,2227.0,25479.0,E
2018-02-19,1762.0,2227.0,25479.0,E
2018-02-20,1762.0,2227.0,25479.0,E
2018-02-21,1762.0,2227.0,25479.0,E
2018-02-22,1762.0,2227.0,25479.0,E
2018-02-23,1762.0,2227.0,25479.0,E
2018-02-24,1762.0,2227.0,25479.0,E
2018-02-25,1416.0,1778.0,20380.0,E
2018-02-26,1416.0,1778.0,20380.0,E
2018-02-27,1416.0,1778.0,20380.0,E
2018-02-28,1416.0,1778.0,20380.0,E
2018-03-01,1416.0,1778.0,20380.0,E
2018-03-02,1416.0,1778.0,20380.0,E
2018-03-03,1416.0,1778.0,20380.0,E
2018-03-04,1416.0,1778.0,20380.0,E
2018-03-05,1416.0,1778.0,20380.0,E
2018-03-06,1416.0,1778.0,20380.0,E
2018-03-07,1416.0,1778.0,20380.0,E
2018-03-08,1416.0,1778.0,20380.0,E
2018-03-09,1416.0,1778.0,20380.0,E
2018-03-10,1416.0,1778.0,20380.0,E
2018-03-11,1416.0,1778.0,20380.0,E
2018-03-12,1416.0,1778.0,20380.0,E
2018-03-13,1416.0,1778.0,20380.0,E
2018-03-14,1416.0,1778.0,20380.0,E
2018-03-15,1416.0,1778.0,20380.0,E
2018-03-16,1416.0,1778.0,20380.0,E
2018-03-17,1416.0,1778.0,20380.0,E
2018-03-18,1416.0,1778.0,20380.0,E
2018-03-19,1416.0,1778.0,20380.0,E
2018-03-20,1416.0,1778.0,20380.0,E
2018-03-21,1416.0,1778.0,20380.0,E
2018-03-22,1416.0,1778.0,20380.0,E
2018-03-23,1416.0,1778.0,20380.0,E
2018-03-24,1416.0,1778.0,20380.0,E
2018-03-25,369.0,459.0,5272.0,E
2018-03-26,369.0,459.0,5272.0,E
2018-03-27,369.0,459.0,5272.0,E
2018-03-28,369.0,459.0,5272.0,E
2018-03-29,369.0,459.0,5272.0,E
2018-03-30,369.0,459.0,5272.0,E
2018-03-31,369.0,459.0,5272.0,E
2018-04-01,369.0,459.0,5272.0,E
2018-04-02,369.0,459.0,5272.0,E
2018-04-03,369.0,459.0,5272.0,E
2018-04-04,369.0,459.0,5272.0,E
2018-04-05,369.0,459.0,5272.0,E
2018-04-06,369.0,459.0,5272.0,E
2018-04-07,369.0,459.0,5272.0,E
2018-04-08,369.0,459.0,5272.0,E
2018-04-09,369.0,459.0,5272.0,E
2018-04-10,369.0,459.0,5272.0,E
2018-04-11,369.0,459.0,5272.0,E
2018-04-12,369.0,459.0,5272.0,E
2018-04-13,369.0,459.0,5272.0,E
2018-04-14,369.0,459.0,5272.0,E
2018-04-15,369.0,459.0,5272.0,E
2018-04-16,369.0,459.0,5272.0,E
2018-04-17,369.0,459.0,5272.0,E
2018-04-18,369.0,459.0,5272.0,E
2018-04-19,369.0,459.0,5272.0,E
2018-04-20,369.0,459.0,5272.0,E
2018-04-21,369.0,459.0,5272.0,E
2018-04-22,369.0,459.0,5272.0,E
2018-04-23,369.0,459.0,5272.0,E
2018-04-24,369.0,459.0,5272.0,E
2018-04-25,182.0,224.0,2580.0,E
2018-04-26,182.0,224.0,2580.0,E
2018-04-27,182.0,224.0,2580.0,E
2018-04-28,182.0,224.0,2580.0,E
2018-04-29,182.0,224.0,2580.0,E
2018-04-30,182.0,224.0,2580.0,E
2018-05-01,182.0,224.0,2580.0,E
2018-05-02,182.0,224.0,2580.0,E
2018-05-03,182.0,224.0,2580.0,E
2018-05-04,182.0,224.0,2580.0,E
2018-05-05,182.0,224.0,2580.0,E
2018-05-06,182.0,224.0,2580.0,E
2018-05-07,182.0,224.0,2580.0,E
2018-05-08,182.0,224.0,2580.0,E
2018-05-09,182.0,224.0,2580.0,E
2018-05-10,182.0,224.0,2580.0,E
2018-05-11,182.0,224.0,2580.0,E
2018-05-12,182.0,224.0,2580.0,E
2018-05-13,182.0,224.0,2580.0,E
2018-05-14,182.0,224.0,2580.0,E
2018-05-15,182.0,224.0,2580.0,E
2018-05-16,182.0,224.0,2580.0,E
2018-05-17,182.0,224.0,2580.0,E
2018-05-18,182.0,224.0,2580.0,E
2018-05-19,182.0,224.0,2580.0,E
2018-05-20,182.0,224.0,2580.0,E
2018-05-21,182.0,224.0,2580.0,E
2018-05-22,182.0,224.0,2580.0,E
2018-05-23,182.0,224.0,2580.0,E
2018-05-24,182.0,224.0,2580.0,E
2018-05-25,190.0,231.0,2649.0,E
2018-05-26,190.0,231.0,2649.0,E
2018-05-27,190.0,231.0,2649.0,E
2018-05-28,190.0,231.0,2649.0,E
2018-05-29,190.0,231.0,2649.0,E
2018-05-30,190.0,231.0,2649.0,E
2018-05-31,190.0,231.0,2649.0,E
2018-06-01,190.0,231.0,2649.0,E
2018-06-02,190.0,231.0,2649.0,E
2018-06-03,190.0,231.0,2649.0,E
2018-06-04,190.0,231.0,2649.0,E
2018-06-05,190.0,231.0,2649.0,E
2018-06-06,190.0,231.0,2649.0,E
2018-06-07,190.0,231.0,2649.0,E
2018-06-08,190.0,231.0,2649.0,E
2018-06-09,190.0,231.0,2649.0,E
2018-06-10,190.0,231.0,2649.0,E
2018-06-11,190.0,231.0,2649.0,E
2018-06-12,190.0,231.0,2649.0,E
2018-06-13,190.0,231.0,2649.0,E
2018-06-14,190.0,231.0,2649.0,E
2018-06-15,190.0,231.0,2649.0,E
2018-06-16,190.0,231.0,2649.0,E
2018-06-17,190.0,231.0,2649.0,E
2018-06-18,190.0,231.0,2649.0,E
2018-06-19,190.0,231.0,2649.0,E
2018-06-20,201.0,245.0,2805.0,M
2018-06-21,168.0,204.0,2344.0,M
2018-06-22,133.0,162.0,1856.0,M
2018-06-23,122.0,148.0,1703.0,M
2018-06-24,119.0,145.0,1661.0,M
2018-06-25,205.0,248.0,2844.0,M
2018-06-26,153.0,185.0,2123.0,M
2018-06-27,228.0,276.0,3163.0,M
2018-06-28,208.0,252.0,2886.0,M
2018-06-29,225.0,272.0,3122.0,M
2018-06-30,220.0,266.0,3052.0,M
2018-07-01,214.0,259.0,2969.0,M
2018-07-02,258.0,312.0,3579.0,M
2018-07-03,239.0,289.0,3316.0,M
2018-07-04,223.0,270.0,3094.0,M
2018-07-05,221.0,267.0,3066.0,M
2018-07-06,223.0,270.0,3094.0,M
2018-07-07,220.0,266.0,3052.0,M
2018-07-08,216.0,261.0,2997.0,M
2018-07-09,222.0,269.0,3080.0,M
2018-07-10,173.0,209.0,2400.0,M
2018-07-11,232.0,281.0,3219.0,M
2018-07-12,231.0,280.0,3205.0,M
2018-07-13,210.0,254.0,2914.0,M
2018-07-14,227.0,275.0,3149.0,M
2018-07-15,223.0,270.0,3094.0,M
2018-07-16,168.0,203.0,2331.0,M
2018-07-17,169.0,204.0,2345.0,M
2018-07-18,144.0,174.0,1998.0,M
2018-07-19,181.0,219.0,2511.0,M
2018-07-20,215.0,260.0,2983.0,M
2018-07-21,212.0,257.0,2941.0,M
2018-07-22,209.0,253.0,2900.0,M
2018-07-23,209.0,253.0,2900.0,M
2018-07-24,206.0,249.0,2858.0,M
2018-07-25,86.0,104.0,1189.0,M
2018-07-26,192.0,231.0,2654.0,M
2018-07-27,143.0,172.0,1977.0,M
2018-07-28,65.0,78.0,898.0,M
2018-07-29,63.0,76.0,871.0,M
2018-07-30,193.0,232.0,2668.0,M
2018-07-31,206.0,248.0,2847.0,M
2018-08-01,210.0,253.0,2903.0,M
2018-08-02,208.0,250.0,2875.0,M
2018-08-03,203.0,244.0,2806.0,M
2018-08-04,202.0,243.0,2792.0,M
2018-08-05,202.0,243.0,2792.0,M
2018-08-06,179.0,216.0,2474.0,M
2018-08-07,204.0,246.0,2820.0,M
2018-08-08,187.0,225.0,2585.0,M
2018-08-09,238.0,287.0,3290.0,M
2018-08-10,163.0,196.0,2253.0,M
2018-08-11,136.0,164.0,1880.0,M
2018-08-12,161.0,194.0,2225.0,M
2018-08-13,207.0,249.0,2861.0,M
2018-08-14,211.0,254.0,2916.0,M
2018-08-15,216.0,260.0,2986.0,M
2018-08-16,215.0,259.0,2972.0,M
2018-08-17,198.0,238.0,2737.0,M
2018-08-18,211.0,254.0,2916.0,M
2018-08-19,218.0,262.0,3013.0,M
2018-08-20,218.0,262.0,3013.0,M
2018-08-21,211.0,254.0,2916.0,M
2018-08-22,218.0,262.0,3013.0,M
2018-08-23,223.0,268.0,3082.0,M
2018-08-24,106.0,128.0,1465.0,M
2018-08-25,114.0,139.0,1600.0,M
2018-08-26,126.0,153.0,1768.0,M
2018-08-27,172.0,209.0,2414.0,M
2018-08-28,201.0,245.0,2821.0,M
2018-08-29,232.0,282.0,3256.0,M
2018-08-30,234.0,285.0,3284.0,M
2018-08-31,163.0,198.0,2288.0,M
2018-09-01,116.0,141.0,1628.0,M
2018-09-02,116.0,141.0,1628.0,M
2018-09-03,229.0,279.0,3214.0,M
2018-09-04,227.0,276.0,3186.0,M
2018-09-05,219.0,267.0,3074.0,M
2018-09-06,196.0,239.0,2751.0,M
2018-09-07,167.0,203.0,2344.0,M
2018-09-08,116.0,141.0,1628.0,M
2018-09-09,166.0,202.0,2330.0,M
2018-09-10,189.0,230.0,2653.0,M
2018-09-11,192.0,234.0,2695.0,M
2018-09-12,222.0,270.0,3116.0,M
2018-09-13,246.0,299.0,3453.0,M
2018-09-14,150.0,183.0,2105.0,M
2018-09-15,134.0,163.0,1881.0,M
2018-09-16,132.0,161.0,1853.0,M
2018-09-17,144.0,175.0,2021.0,M
2018-09-18,217.0,264.0,3046.0,M
2018-09-19,234.0,285.0,3284.0,M
2018-09-20,238.0,290.0,3340.0,M
2018-09-21,161.0,196.0,2260.0,M
2018-09-22,144.0,175.0,2021.0,M
2018-09-23,263.0,320.0,3691.0,M
2018-09-24,221.0,269.0,3102.0,M
2018-09-25,260.0,320.0,3682.0,E
2018-09-26,260.0,320.0,3682.0,E
2018-09-27,260.0,320.0,3682.0,E
2018-09-28,260.0,320.0,3682.0,E
2018-09-29,260.0,320.0,3682.0,E
2018-09-30,260.0,320.0,3682.0,E
2018-10-01,260.0,320.0,3682.0,E
2018-10-02,260.0,320.0,3682.0,E
2018-10-03,260.0,320.0,3682.0,E
2018-10-04,260.0,320.0,3682.0,E
2018-10-05,260.0,320.0,3682.0,E
2018-10-06,260.0,320.0,3682.0,E
2018-10-07,260.0,320.0,3682.0,E
2018-10-08,260.0,320.0,3682.0,E
2018-10-09,260.0,320.0,3682.0,E
2018-10-10,260.0,320.0,3682.0,E
2018-10-11,260.0,320.0,3682.0,E
2018-10-12,260.0,320.0,3682.0,E
2018-10-13,260.0,320.0,3682.0,E
2018-10-14,260.0,320.0,3682.0,E
2018-10-15,260.0,320.0,3682.0,E
2018-10-16,260.0,320.0,3682.0,E
2018-10-17,260.0,320.0,3682.0,E
2018-10-18,260.0,320.0,3682.0,E
2018-10-19,260.0,320.0,3682.0,E
2018-10-20,260.0,320.0,3682.0,E
2018-10-21,260.0,320.0,3682.0,E
2018-10-22,260.0,320.0,3682.0,E
2018-10-23,260.0,320.0,3682.0,E
2018-10-24,260.0,320.0,3682.0,E
2018-10-25,1102.0,1368.0,15723.0,E
2018-10-26,1102.0,1368.0,15723.0,E
2018-10-27,1102.0,1368.0,15723.0,E
2018-10-28,1102.0,1368.0,15723.0,E
2018-10-29,1102.0,1368.0,15723.0,E
2018-10-30,1102.0,1368.0,15723.0,E
2018-10-31,1277.0,1586.0,18225.0,M
2018-11-01,877.0,1089.0,12516.0,M
2018-11-02,1136.0,1411.0,16213.0,M
2018-11-03,759.0,943.0,10832.0,M
2018-11-04,894.0,1110.0,12759.0,M
2018-11-05,594.0,738.0,8477.0,M
2018-11-06,412.0,512.0,5880.0,M
2018-11-07,814.0,1011.0,11617.0,M
2018-11-08,916.0,1138.0,13073.0,M
2018-11-09,799.0,992.0,11403.0,M
2018-11-10,398.0,494.0,5680.0,M
2018-11-11,676.0,840.0,9648.0,M
2018-11-12,885.0,1099.0,12631.0,M
2018-11-13,813.0,1010.0,11603.0,M
2018-11-14,879.0,1092.0,12545.0,M
2018-11-15,1013.0,1258.0,14457.0,M
2018-11-16,1261.0,1566.0,17997.0,M
2018-11-17,1004.0,1247.0,14329.0,M
2018-11-18,1529.0,1899.0,21822.0,M
2018-11-19,2022.0,2511.0,28858.0,M
2018-11-20,2126.0,2640.0,30342.0,M
2018-11-21,2124.0,2638.0,30313.0,M
2018-11-22,2089.0,2595.0,29814.0,M
2018-11-23,1666.0,2069.0,23777.0,M
2018-11-24,1589.0,1974.0,22678.0,M
2018-11-25,1453.0,1821.0,21006.0,M
2018-11-26,1619.0,2029.0,23406.0,M
2018-11-27,1417.0,1776.0,20486.0,M
2018-11-28,997.0,1249.0,14414.0,M
2018-11-29,858.0,1075.0,12404.0,M
2018-11-30,865.0,1084.0,12505.0,M
2018-12-01,501.0,628.0,7243.0,M
2018-12-02,542.0,679.0,7836.0,M
2018-12-03,652.0,817.0,9426.0,M
2018-12-04,800.0,1002.0,11566.0,M
2018-12-05,885.0,1109.0,12795.0,M
2018-12-06,632.0,792.0,9137.0,M
2018-12-07,891.0,1116.0,12881.0,M
2018-12-08,384.0,481.0,5552.0,M
2018-12-09,697.0,873.0,10077.0,M
2018-12-10,1293.0,1620.0,18693.0,M
2018-12-11,1525.0,1911.0,22047.0,M
2018-12-12,2239.0,2805.0,32369.0,M
2018-12-13,2580.0,3233.0,37299.0,M
2018-12-14,2569.0,3219.0,37140.0,M
2018-12-15,2398.0,3005.0,34668.0,M
2018-12-16,1465.0,1836.0,21180.0,M
2018-12-17,1921.0,2407.0,27772.0,M
2018-12-18,1778.0,2228.0,25705.0,M
2018-12-19,1527.0,1913.0,22076.0,M
2018-12-20,1478.0,1852.0,21368.0,M
2018-12-21,831.0,1041.0,12014.0,M
2018-12-22,340.0,426.0,4915.0,M
2018-12-23,483.0,605.0,6983.0,M
2018-12-24,820.0,1027.0,11855.0,M
2018-12-25,1181.0,1500.0,17216.0,M
2018-12-26,1531.0,1944.0,22317.0,M
2018-12-27,1749.0,2221.0,25495.0,M
2018-12-28,1631.0,2071.0,23775.0,M
2018-12-29,956.0,1214.0,13936.0,M
2018-12-30,634.0,805.0,9242.0,M
2018-12-31,913.0,1160.0,13309.0,M
2019-01-01,887.0,1126.0,12930.0,M
2019-01-02,1156.0,1468.0,16851.0,M
2019-01-03,1164.0,1478.0,16968.0,M
2019-01-04,1480.0,1880.0,21574.0,M
2019-01-05,2111.0,2681.0,30772.0,M
2019-01-06,1621.0,2059.0,23629.0,M
2019-01-07,1690.0,2146.0,24635.0,M
2019-01-08,1521.0,1932.0,22172.0,M
2019-01-09,2003.0,2544.0,29198.0,M
2019-01-10,2116.0,2687.0,30845.0,M
2019-01-11,1626.0,2065.0,23702.0,M
2019-01-12,798.0,1013.0,11632.0,M
2019-01-13,913.0,1160.0,13309.0,M
2019-01-14,1258.0,1598.0,18338.0,M
2019-01-15,1396.0,1773.0,20350.0,M
2019-01-16,1777.0,2257.0,25903.0,M
2019-01-17,1936.0,2459.0,28221.0,M
2019-01-18,2294.0,2913.0,33440.0,M
2019-01-19,1858.0,2360.0,27084.0,M
2019-01-20,2248.0,2855.0,32769.0,M
2019-01-21,2957.0,3755.0,43104.0,M
2019-01-22,2997.0,3806.0,43687.0,M
2019-01-23,2854.0,3625.0,41603.0,M
2019-01-24,2737.0,3476.0,39897.0,M
2019-01-25,2188.0,2777.0,31969.0,M
2019-01-26,1043.0,1324.0,15240.0,M
2019-01-27,1711.0,2171.0,25000.0,M
2019-01-28,2317.0,2940.0,33854.0,M
2019-01-29,2653.0,3367.0,38764.0,M
2019-01-30,2583.0,3278.0,37741.0,M
2019-01-31,2685.0,3407.0,39231.0,M
2019-02-01,1948.0,2472.0,28463.0,M
2019-02-02,2263.0,2872.0,33065.0,M
2019-02-03,1930.0,2449.0,28200.0,M
2019-02-04,2547.0,3232.0,37215.0,M
2019-02-05,2009.0,2549.0,29354.0,M
2019-02-06,1702.0,2160.0,24868.0,M
2019-02-07,1486.0,1886.0,21712.0,M
2019-02-08,1389.0,1763.0,20295.0,M
2019-02-09,825.0,1047.0,12054.0,M
2019-02-10,1459.0,1851.0,21318.0,M
2019-02-11,1889.0,2397.0,27601.0,M
2019-02-12,2006.0,2546.0,29310.0,M
2019-02-13,2055.0,2608.0,30026.0,M
2019-02-14,1571.0,1994.0,22954.0,M
2019-02-15,1154.0,1464.0,16861.0,M
2019-02-16,611.0,775.0,8927.0,M
2019-02-17,869.0,1103.0,12697.0,M
2019-02-18,1011.0,1283.0,14772.0,M
2019-02-19,981.0,1245.0,14334.0,M
2019-02-20,1149.0,1458.0,16788.0,M
2019-02-21,874.0,1109.0,12770.0,M
2019-02-22,670.0,850.0,9790.0,M
2019-02-23,420.0,533.0,6137.0,M
2019-02-24,667.0,846.0,9746.0,M
2019-02-25,812.0,1024.0,11794.0,M
2019-02-26,636.0,802.0,9237.0,M
2019-02-27,587.0,740.0,8526.0,M
2019-02-28,693.0,874.0,10065.0,M
2019-03-01,933.0,1176.0,13550.0,E
2019-03-02,933.0,1176.0,13550.0,E
2019-03-03,933.0,1176.0,13550.0,E
2019-03-04,933.0,1176.0,13550.0,E
2019-03-05,933.0,1176.0,13550.0,E
2019-03-06,933.0,1176.0,13550.0,E
2019-03-07,933.0,1176.0,13550.0,E
2019-03-08,933.0,1176.0,13550.0,E
2019-03-09,933.0,1176.0,13550.0,E
2019-03-10,933.0,1176.0,13550.0,E
2019-03-11,933.0,1176.0,13550.0,E
2019-03-12,933.0,1176.0,13550.0,E
2019-03-13,933.0,1176.0,13550.0,E
2019-03-14,933.0,1176.0,13550.0,E
2019-03-15,933.0,1176.0,13550.0,E
2019-03-16,933.0,1176.0,13550.0,E
2019-03-17,933.0,1176.0,13550.0,E
2019-03-18,933.0,1176.0,13550.0,E
2019-03-19,933.0,1176.0,13550.0,E
2019-03-20,933.0,1176.0,13550.0,E
2019-03-21,933.0,1176.0,13550.0,E
2019-03-22,933.0,1176.0,13550.0,E
2019-03-23,933.0,1176.0,13550.0,E
2019-03-24,933.0,1176.0,13550.0,E
2019-03-25,696.0,868.0,10001.0,E
2019-03-26,696.0,868.0,10001.0,E
2019-03-27,696.0,868.0,10001.0,E
2019-03-28,696.0,868.0,10001.0,E
2019-03-29,696.0,868.0,10001.0,E
2019-03-30,696.0,868.0,10001.0,E
2019-03-31,429.0,535.0,6161.0,M
2019-04-01,469.0,585.0,6735.0,M
2019-04-02,547.0,682.0,7855.0,M
2019-04-03,1188.0,1481.0,17060.0,M
2019-04-04,1215.0,1515.0,17448.0,M
2019-04-05,1065.0,1328.0,15294.0,M
2019-04-06,776.0,968.0,11144.0,M
2019-04-07,505.0,630.0,7252.0,M
2019-04-08,596.0,743.0,8559.0,M
2019-04-09,738.0,920.0,10598.0,M
2019-04-10,924.0,1152.0,13269.0,M
2019-04-11,1092.0,1362.0,15682.0,M
2019-04-12,1180.0,1471.0,16945.0,M
2019-04-13,798.0,995.0,11460.0,M
2019-04-14,1243.0,1550.0,17850.0,M
2019-04-15,956.0,1192.0,13729.0,M
2019-04-16,846.0,1055.0,12149.0,M
2019-04-17,560.0,698.0,8042.0,M
2019-04-18,282.0,352.0,4050.0,M
2019-04-19,139.0,173.0,1996.0,M
2019-04-20,128.0,160.0,1838.0,M
2019-04-21,92.0,115.0,1321.0,M
2019-04-22,134.0,167.0,1924.0,M
2019-04-23,187.0,233.0,2685.0,M
2019-04-24,269.0,335.0,3863.0,M
2019-04-25,256.0,316.0,3652.0,M
2019-04-26,156.0,193.0,2226.0,M
2019-04-27,218.0,269.0,3110.0,M
2019-04-28,238.0,294.0,3395.0,M
2019-04-29,171.0,211.0,2440.0,M
2019-04-30,188.0,232.0,2682.0,M
2019-05-01,180.0,222.0,2568.0,M
2019-05-02,234.0,289.0,3338.0,M
2019-05-03,215.0,266.0,3067.0,M
2019-05-04,301.0,372.0,4294.0,M
2019-05-05,1265.0,1562.0,18047.0,M
2019-05-06,417.0,515.0,5949.0,M
2019-05-07,159.0,196.0,2268.0,M
2019-05-08,305.0,377.0,4351.0,M
2019-05-09,262.0,324.0,3738.0,M
2019-05-10,246.0,304.0,3510.0,M
2019-05-11,330.0,408.0,4708.0,M
2019-05-12,190.0,235.0,2711.0,M
2019-05-13,229.0,283.0,3267.0,M
2019-05-14,214.0,264.0,3053.0,M
2019-05-15,209.0,258.0,2982.0,M
2019-05-16,194.0,240.0,2768.0,M
2019-05-17,237.0,293.0,3381.0,M
2019-05-18,301.0,372.0,4294.0,M
2019-05-19,400.0,494.0,5707.0,M
2019-05-20,360.0,445.0,5136.0,M
2019-05-21,352.0,435.0,5022.0,M
2019-05-22,278.0,343.0,3966.0,M
2019-05-23,263.0,325.0,3752.0,M
2019-05-24,275.0,340.0,3923.0,M
2019-05-25,267.0,326.0,3749.0,E
2019-05-26,267.0,326.0,3749.0,E
2019-05-27,267.0,326.0,3749.0,E
2019-05-28,267.0,326.0,3749.0,E
2019-05-29,267.0,326.0,3749.0,E
2019-05-30,267.0,326.0,3749.0,E
2019-05-31,267.0,326.0,3749.0,E
2019-06-01,267.0,326.0,3749.0,E
2019-06-02,267.0,326.0,3749.0,E
2019-06-03,267.0,326.0,3749.0,E
2019-06-04,267.0,326.0,3749.0,E
2019-06-05,267.0,326.0,3749.0,E
2019-06-06,267.0,326.0,3749.0,E
2019-06-07,267.0,326.0,3749.0,E
2019-06-08,267.0,326.0,3749.0,E
2019-06-09,267.0,326.0,3749.0,E
2019-06-10,267.0,326.0,3749.0,E
2019-06-11,267.0,326.0,3749.0,E
2019-06-12,267.0,326.0,3749.0,E
2019-06-13,267.0,326.0,3749.0,E
2019-06-14,267.0,326.0,3749.0,E
2019-06-15,267.0,326.0,3749.0,E
2019-06-16,267.0,326.0,3749.0,E
2019-06-17,267.0,326.0,3749.0,E
2019-06-18,267.0,326.0,3749.0,E
2019-06-19,267.0,326.0,3749.0,E
2019-06-20,267.0,326.0,3749.0,E
2019-06-21,267.0,326.0,3749.0,E
2019-06-22,267.0,326.0,3749.0,E
2019-06-23,267.0,326.0,3749.0,E
2019-06-24,267.0,326.0,3749.0,E
2019-06-25,201.0,242.0,2780.0,M
2019-06-26,191.0,230.0,2641.0,M
2019-06-27,200.0,241.0,2766.0,M
2019-06-28,198.0,239.0,2738.0,M
2019-06-29,209.0,252.0,2890.0,M
2019-06-30,226.0,272.0,3125.0,M
2019-07-01,197.0,238.0,2726.0,E
2019-07-02,197.0,238.0,2726.0,E
2019-07-03,197.0,238.0,2726.0,E
2019-07-04,197.0,238.0,2726.0,E
2019-07-05,197.0,238.0,2726.0,E
2019-07-06,197.0,238.0,2726.0,E
2019-07-07,197.0,238.0,2726.0,E
2019-07-08,197.0,238.0,2726.0,E
2019-07-09,197.0,238.0,2726.0,E
2019-07-10,197.0,238.0,2726.0,E
2019-07-11,197.0,238.0,2726.0,E
2019-07-12,197.0,238.0,2726.0,E
2019-07-13,197.0,238.0,2726.0,E
2019-07-14,197.0,238.0,2726.0,E
2019-07-15,197.0,238.0,2726.0,E
2019-07-16,197.0,238.0,2726.0,E
2019-07-17,197.0,238.0,2726.0,E
2019-07-18,197.0,238.0,2726.0,E
2019-07-19,197.0,238.0,2726.0,E
2019-07-20,197.0,238.0,2726.0,E
2019-07-21,197.0,238.0,2726.0,E
2019-07-22,197.0,238.0,2726.0,E
2019-07-23,197.0,238.0,2726.0,E
2019-07-24,197.0,238.0,2726.0,E
2019-07-25,221.0,266.0,3076.0,E
2019-07-26,221.0,266.0,3076.0,E
2019-07-27,221.0,266.0,3076.0,E
2019-07-28,221.0,266.0,3076.0,E
2019-07-29,221.0,266.0,3076.0,E
2019-07-30,221.0,266.0,3076.0,E
2019-07-31,194.0,233.0,2700.0,M
2019-08-01,188.0,226.0,2616.0,M
2019-08-02,202.0,243.0,2811.0,M
2019-08-03,238.0,286.0,3312.0,M
2019-08-04,232.0,279.0,3228.0,M
2019-08-05,199.0,239.0,2769.0,M
2019-08-06,206.0,248.0,2867.0,M
2019-08-07,220.0,264.0,3061.0,M
2019-08-08,224.0,269.0,3117.0,M
2019-08-09,217.0,261.0,3020.0,M
2019-08-10,197.0,237.0,2741.0,M
2019-08-11,247.0,297.0,3437.0,M
2019-08-12,266.0,320.0,3702.0,M
2019-08-13,241.0,290.0,3354.0,M
2019-08-14,237.0,285.0,3298.0,M
2019-08-15,231.0,278.0,3214.0,M
2019-08-16,236.0,284.0,3284.0,M
2019-08-17,226.0,272.0,3145.0,M
2019-08-18,253.0,304.0,3521.0,M
2019-08-19,228.0,274.0,3173.0,M
2019-08-20,238.0,286.0,3312.0,M
2019-08-21,233.0,280.0,3242.0,M
2019-08-22,182.0,219.0,2533.0,M
2019-08-23,219.0,263.0,3048.0,M
2019-08-24,215.0,258.0,2992.0,M
2019-08-25,216.0,263.0,3037.0,M
2019-08-26,202.0,246.0,2840.0,M
2019-08-27,201.0,244.0,2826.0,M
2019-08-28,202.0,246.0,2840.0,M
2019-08-29,187.0,227.0,2629.0,M
2019-08-30,102.0,124.0,1434.0,M
2019-08-31,179.0,218.0,2517.0,M
2019-09-01,125.0,152.0,1758.0,M
2019-09-02,82.0,100.0,1153.0,M
2019-09-03,216.0,263.0,3037.0,M
2019-09-04,179.0,218.0,2517.0,M
2019-09-05,128.0,156.0,1800.0,M
2019-09-06,150.0,182.0,2109.0,M
2019-09-07,222.0,270.0,3121.0,M
2019-09-08,136.0,165.0,1912.0,M
2019-09-09,99.0,120.0,1392.0,M
2019-09-10,80.0,97.0,1125.0,M
2019-09-11,201.0,244.0,2826.0,M
2019-09-12,218.0,265.0,3065.0,M
2019-09-13,204.0,248.0,2868.0,M
2019-09-14,119.0,145.0,1673.0,M
2019-09-15,51.0,62.0,717.0,M
2019-09-16,196.0,238.0,2756.0,M
2019-09-17,232.0,282.0,3262.0,M
2019-09-18,107.0,130.0,1504.0,M
2019-09-19,112.0,136.0,1575.0,M
2019-09-20,95.0,116.0,1336.0,M
2019-09-21,218.0,265.0,3065.0,M
2019-09-22,256.0,311.0,3600.0,M
2019-09-23,257.0,313.0,3614.0,M
2019-09-24,285.0,347.0,4007.0,M
2019-09-25,276.0,337.0,3864.0,M
2019-09-26,258.0,315.0,3612.0,M
2019-09-27,281.0,343.0,3934.0,M
2019-09-28,287.0,350.0,4018.0,M
2019-09-29,291.0,355.0,4074.0,M
2019-09-30,284.0,346.0,3976.0,M
2019-10-01,271.0,331.0,3794.0,M
2019-10-02,241.0,294.0,3374.0,M
2019-10-03,282.0,344.0,3948.0,M
2019-10-04,314.0,383.0,4396.0,M
2019-10-05,301.0,367.0,4214.0,M
2019-10-06,304.0,371.0,4256.0,M
2019-10-07,304.0,371.0,4256.0,M
2019-10-08,337.0,411.0,4718.0,M
2019-10-09,341.0,416.0,4774.0,M
2019-10-10,289.0,353.0,4046.0,M
2019-10-11,325.0,397.0,4550.0,M
2019-10-12,277.0,338.0,3878.0,M
2019-10-13,263.0,321.0,3682.0,M
2019-10-14,282.0,344.0,3948.0,M
2019-10-15,341.0,416.0,4774.0,M
2019-10-16,340.0,415.0,4760.0,M
2019-10-17,537.0,655.0,7518.0,M
2019-10-18,639.0,780.0,8946.0,M
2019-10-19,747.0,911.0,10458.0,M
2019-10-20,906.0,1105.0,12684.0,M
2019-10-21,950.0,1159.0,13300.0,M
2019-10-22,1097.0,1338.0,15357.0,M
2019-10-23,880.0,1074.0,12320.0,M
2019-10-24,787.0,960.0,11018.0,M
2019-10-25,902.0,1112.0,12857.0,M
2019-10-26,775.0,956.0,11046.0,M
2019-10-27,1162.0,1433.0,16563.0,M
2019-10-28,1172.0,1445.0,16705.0,M
2019-10-29,1188.0,1465.0,16933.0,M
2019-10-30,1259.0,1552.0,17945.0,M
2019-10-31,1234.0,1522.0,17589.0,M
2019-11-01,801.0,988.0,11417.0,M
2019-11-02,985.0,1215.0,14040.0,M
2019-11-03,1113.0,1372.0,15864.0,M
2019-11-04,1302.0,1605.0,18558.0,M
2019-11-05,1282.0,1581.0,18273.0,M
2019-11-06,1175.0,1449.0,16748.0,M
2019-11-07,1429.0,1762.0,20368.0,M
2019-11-08,1543.0,1903.0,21993.0,M
2019-11-09,1476.0,1820.0,21038.0,M
2019-11-10,1619.0,1996.0,23076.0,M
2019-11-11,1721.0,2122.0,24530.0,M
2019-11-12,1925.0,2374.0,27438.0,M
2019-11-13,1697.0,2092.0,24188.0,M
2019-11-14,1757.0,2166.0,25043.0,M
2019-11-15,2115.0,2608.0,30146.0,M
2019-11-16,1783.0,2198.0,25414.0,M
2019-11-17,1534.0,1891.0,21865.0,M
2019-11-18,1555.0,1917.0,22164.0,M
2019-11-19,1652.0,2037.0,23547.0,M
2019-11-20,2093.0,2581.0,29833.0,M
2019-11-21,1684.0,2076.0,24003.0,M
2019-11-22,1428.0,1761.0,20354.0,M
2019-11-23,1381.0,1703.0,19684.0,M
2019-11-24,1372.0,1692.0,19556.0,M
2019-11-25,1272.0,1568.0,18130.0,M
2019-11-26,1170.0,1443.0,16677.0,M
2019-11-27,1221.0,1505.0,17403.0,M
2019-11-28,1207.0,1488.0,17204.0,M
2019-11-29,1212.0,1494.0,17275.0,M
2019-11-30,1593.0,1964.0,22706.0,M
2019-12-01,1748.0,2183.0,25210.0,M
2019-12-02,1967.0,2457.0,28368.0,M
2019-12-03,2010.0,2510.0,28989.0,M
2019-12-04,2186.0,2730.0,31527.0,M
2019-12-05,2548.0,3182.0,36748.0,M
2019-12-06,2056.0,2568.0,29652.0,M
2019-12-07,1203.0,1503.0,17350.0,M
2019-12-08,1329.0,1660.0,19167.0,M
2019-12-09,1788.0,2233.0,25787.0,M
2019-12-10,1957.0,2444.0,28224.0,M
2019-12-11,1780.0,2223.0,25672.0,M
2019-12-12,1973.0,2464.0,28455.0,M
2019-12-13,1615.0,2017.0,23292.0,M
2019-12-14,1285.0,1605.0,18533.0,M
2019-12-15,1252.0,1564.0,18057.0,M
2019-12-16,1241.0,1550.0,17898.0,M
2019-12-17,908.0,1134.0,13095.0,M
2019-12-18,1224.0,1529.0,17653.0,M
2019-12-19,889.0,1110.0,12821.0,M
2019-12-20,1127.0,1408.0,16254.0,M
2019-12-21,1224.0,1529.0,17653.0,M
2019-12-22,1117.0,1395.0,16110.0,M
2019-12-23,1248.0,1559.0,17999.0,M
2019-12-24,1069.0,1335.0,15417.0,M
2019-12-25,1289.0,1638.0,18855.0,M
2019-12-26,1399.0,1778.0,20464.0,M
2019-12-27,1161.0,1476.0,16983.0,M
2019-12-28,1334.0,1696.0,19514.0,M
2019-12-29,1589.0,2020.0,23244.0,M
2019-12-30,1785.0,2269.0,26111.0,M
2019-12-31,1877.0,2386.0,27457.0,M
2020-01-01,1880.0,2389.0,27501.0,M
2020-01-02,1318.0,1675.0,19280.0,M
2020-01-03,1218.0,1548.0,17817.0,M
2020-01-04,1201.0,1526.0,17568.0,M
2020-01-05,1154.0,1467.0,16881.0,M
2020-01-06,1751.0,2226.0,25614.0,M
2020-01-07,1447.0,1839.0,21167.0,M
2020-01-08,1211.0,1539.0,17714.0,M
2020-01-09,1309.0,1664.0,19148.0,M
2020-01-10,1528.0,1942.0,22351.0,M
2020-01-11,1721.0,2187.0,25175.0,M
2020-01-12,1464.0,1861.0,21415.0,M
2020-01-13,1515.0,1926.0,22161.0,M
2020-01-14,1280.0,1627.0,18724.0,M
2020-01-15,1375.0,1748.0,20113.0,M
2020-01-16,1296.0,1647.0,18958.0,M
2020-01-17,1514.0,1924.0,22147.0,M
2020-01-18,1730.0,2199.0,25306.0,M
2020-01-19,1816.0,2308.0,26564.0,M
2020-01-20,2248.0,2857.0,32884.0,M
2020-01-21,1914.0,2433.0,27998.0,M
2020-01-22,1982.0,2519.0,28993.0,M
2020-01-23,1901.0,2416.0,27808.0,M
2020-01-24,1916.0,2435.0,28027.0,M
2020-01-25,1665.0,2101.0,24248.0,M
2020-01-26,1485.0,1874.0,21627.0,M
2020-01-27,1411.0,1781.0,20549.0,M
2020-01-28,1770.0,2234.0,25777.0,M
2020-01-29,1756.0,2216.0,25573.0,M
2020-01-30,1496.0,1888.0,21787.0,M
2020-01-31,1084.0,1368.0,15787.0,M
2020-02-01,1064.0,1343.0,15496.0,M
2020-02-02,851.0,1074.0,12394.0,M
2020-02-03,1215.0,1533.0,17695.0,M
2020-02-04,1304.0,1646.0,18991.0,M
2020-02-05,1468.0,1853.0,21379.0,M
2020-02-06,1800.0,2272.0,26214.0,M
2020-02-07,1580.0,1994.0,23010.0,M
2020-02-08,952.0,1201.0,13864.0,M
2020-02-09,1256.0,1585.0,18292.0,M
2020-02-10,1579.0,1993.0,22996.0,M
2020-02-11,1918.0,2421.0,27933.0,M
2020-02-12,1819.0,2296.0,26491.0,M
2020-02-13,1524.0,1923.0,22195.0,M
2020-02-14,1367.0,1725.0,19908.0,M
2020-02-15,1125.0,1420.0,16384.0,M
2020-02-16,885.0,1117.0,12889.0,M
2020-02-17,1503.0,1897.0,21889.0,M
2020-02-18,1615.0,2038.0,23520.0,M
2020-02-19,1532.0,1933.0,22311.0,M
2020-02-20,1568.0,1979.0,22836.0,M
2020-02-21,1680.0,2120.0,24467.0,M
2020-02-22,1209.0,1526.0,17607.0,M
2020-02-23,1092.0,1378.0,15903.0,M
2020-02-24,1104.0,1393.0,16078.0,M
2020-02-25,1407.0,1762.0,20318.0,M
2020-02-26,1744.0,2183.0,25184.0,M
2020-02-27,1834.0,2296.0,26484.0,M
2020-02-28,1628.0,2038.0,23509.0,M
2020-02-29,1311.0,1641.0,18932.0,M
2020-03-01,1608.0,2013.0,23220.0,M
2020-03-02,1794.0,2246.0,25906.0,M
2020-03-03,1734.0,2171.0,25040.0,M
2020-03-04,1637.0,2050.0,23639.0,M
2020-03-05,1519.0,1902.0,21935.0,M
2020-03-06,1511.0,1892.0,21820.0,M
2020-03-07,1210.0,1515.0,17473.0,M
2020-03-08,1320.0,1653.0,19062.0,M
2020-03-09,1360.0,1703.0,19639.0,M
2020-03-10,778.0,974.0,11235.0,M
2020-03-11,639.0,800.0,9228.0,M
2020-03-12,992.0,1242.0,14325.0,M
2020-03-13,1139.0,1426.0,16448.0,M
2020-03-14,1159.0,1451.0,16737.0,M
2020-03-15,750.0,939.0,10830.0,M
2020-03-16,376.0,471.0,5430.0,M
2020-03-17,184.0,230.0,2657.0,M
2020-03-18,290.0,363.0,4188.0,M
2020-03-19,228.0,285.0,3292.0,M
2020-03-20,275.0,344.0,3971.0,M
2020-03-21,259.0,324.0,3740.0,M
2020-03-22,260.0,326.0,3755.0,M
2020-03-23,272.0,341.0,3928.0,M
2020-03-24,252.0,316.0,3639.0,M
2020-03-25,261.0,325.0,3737.0,M
2020-03-26,264.0,329.0,3780.0,M
2020-03-27,230.0,287.0,3293.0,M
2020-03-28,206.0,257.0,2950.0,M
2020-03-29,302.0,377.0,4324.0,M
2020-03-30,300.0,374.0,4295.0,M
2020-03-31,261.0,325.0,3737.0,M
2020-04-01,246.0,307.0,3522.0,M
2020-04-02,243.0,303.0,3479.0,M
2020-04-03,240.0,299.0,3436.0,M
2020-04-04,158.0,197.0,2262.0,M
2020-04-05,119.0,148.0,1704.0,M
2020-04-06,247.0,308.0,3537.0,M
2020-04-07,253.0,315.0,3622.0,M
2020-04-08,209.0,261.0,2992.0,M
2020-04-09,185.0,231.0,2649.0,M
2020-04-10,215.0,268.0,3078.0,M
2020-04-11,217.0,271.0,3107.0,M
2020-04-12,225.0,281.0,3222.0,M
2020-04-13,258.0,322.0,3694.0,M
2020-04-14,225.0,281.0,3222.0,M
2020-04-15,145.0,181.0,2076.0,M
2020-04-16,216.0,269.0,3093.0,M
2020-04-17,220.0,274.0,3150.0,M
2020-04-18,246.0,307.0,3522.0,M
2020-04-19,269.0,335.0,3852.0,M
2020-04-20,224.0,279.0,3207.0,M
2020-04-21,102.0,127.0,1460.0,M
2020-04-22,98.0,122.0,1403.0,M
2020-04-23,89.0,111.0,1274.0,M
2020-04-24,126.0,157.0,1804.0,M
2020-04-25,110.0,135.0,1556.0,M
2020-04-26,129.0,158.0,1825.0,M
2020-04-27,199.0,244.0,2816.0,M
2020-04-28,231.0,283.0,3269.0,M
2020-04-29,246.0,302.0,3481.0,M
2020-04-30,194.0,238.0,2745.0,M
2020-05-01,166.0,204.0,2349.0,M
2020-05-02,145.0,178.0,2052.0,M
2020-05-03,240.0,294.0,3396.0,M
2020-05-04,237.0,291.0,3353.0,M
2020-05-05,147.0,180.0,2080.0,M
2020-05-06,115.0,141.0,1627.0,M
2020-05-07,103.0,126.0,1457.0,M
2020-05-08,166.0,204.0,2349.0,M
2020-05-09,218.0,267.0,3085.0,M
2020-05-10,253.0,310.0,3580.0,M
2020-05-11,306.0,375.0,4330.0,M
2020-05-12,205.0,252.0,2901.0,M
2020-05-13,181.0,222.0,2561.0,M
2020-05-14,188.0,231.0,2660.0,M
2020-05-15,150.0,184.0,2122.0,M
2020-05-16,125.0,153.0,1769.0,M
2020-05-17,112.0,137.0,1585.0,M
2020-05-18,113.0,139.0,1599.0,M
2020-05-19,169.0,207.0,2391.0,M
2020-05-20,215.0,264.0,3042.0,M
2020-05-21,201.0,247.0,2844.0,M
2020-05-22,205.0,252.0,2901.0,M
2020-05-23,147.0,180.0,2080.0,M
2020-05-24,186.0,228.0,2632.0,M
2020-05-25,226.0,275.0,3172.0,M
2020-05-26,199.0,242.0,2793.0,M
2020-05-27,191.0,232.0,2681.0,M
2020-05-28,102.0,124.0,1432.0,M
2020-05-29,70.0,85.0,982.0,M
2020-05-30,64.0,78.0,898.0,M
2020-05-31,68.0,83.0,954.0,M
2020-06-01,160.0,195.0,2246.0,M
2020-06-02,167.0,203.0,2344.0,M
2020-06-03,210.0,255.0,2947.0,M
2020-06-04,268.0,326.0,3761.0,M
2020-06-05,235.0,286.0,3298.0,M
2020-06-06,149.0,181.0,2091.0,M
2020-06-07,136.0,165.0,1909.0,M
2020-06-08,264.0,321.0,3705.0,M
2020-06-09,264.0,321.0,3705.0,M
2020-06-10,142.0,173.0,1993.0,M
2020-06-11,220.0,268.0,3088.0,M
2020-06-12,244.0,297.0,3425.0,M
2020-06-13,142.0,173.0,1993.0,M
2020-06-14,32.0,39.0,449.0,M
2020-06-15,197.0,240.0,2765.0,M
2020-06-16,225.0,274.0,3158.0,M
2020-06-17,234.0,285.0,3284.0,M
2020-06-18,238.0,289.0,3340.0,M
2020-06-19,228.0,277.0,3200.0,M
2020-06-20,210.0,255.0,2947.0,M
2020-06-21,239.0,291.0,3354.0,M
2020-06-22,232.0,282.0,3256.0,M
2020-06-23,208.0,253.0,2919.0,M
2020-06-24,194.0,236.0,2723.0,M
2020-06-25,190.0,230.0,2631.0,M
2020-06-26,205.0,248.0,2839.0,M
2020-06-27,211.0,255.0,2922.0,M
2020-06-28,208.0,251.0,2880.0,M
2020-06-29,79.0,96.0,1094.0,M
2020-06-30,190.0,230.0,2631.0,M
2020-07-01,216.0,261.0,2991.0,M
2020-07-02,195.0,236.0,2700.0,M
2020-07-03,150.0,181.0,2077.0,M
2020-07-04,219.0,265.0,3033.0,M
2020-07-05,195.0,236.0,2700.0,M
2020-07-06,83.0,100.0,1149.0,M
2020-07-07,111.0,134.0,1537.0,M
2020-07-08,199.0,241.0,2756.0,M
2020-07-09,202.0,244.0,2797.0,M
2020-07-10,147.0,178.0,2036.0,M
2020-07-11,68.0,82.0,942.0,M
2020-07-12,90.0,109.0,1246.0,M
2020-07-13,71.0,86.0,983.0,M
2020-07-14,168.0,203.0,2326.0,M
2020-07-15,214.0,259.0,2963.0,M
2020-07-16,221.0,267.0,3060.0,M
2020-07-17,208.0,251.0,2880.0,M
2020-07-18,193.0,233.0,2673.0,M
2020-07-19,192.0,232.0,2659.0,M
2020-07-20,146.0,177.0,2022.0,M
2020-07-21,65.0,79.0,900.0,M
2020-07-22,60.0,73.0,831.0,M
2020-07-23,63.0,76.0,872.0,M
2020-07-24,195.0,236.0,2700.0,M
2020-07-25,207.0,248.0,2846.0,M
2020-07-26,199.0,238.0,2736.0,M
2020-07-27,160.0,192.0,2200.0,M
2020-07-28,132.0,158.0,1815.0,M
2020-07-29,93.0,111.0,1279.0,M
2020-07-30,88.0,105.0,1210.0,M
2020-07-31,173.0,207.0,2379.0,M
2020-08-01,198.0,237.0,2723.0,M
2020-08-02,131.0,157.0,1801.0,M
2020-08-03,198.0,237.0,2723.0,M
2020-08-04,115.0,138.0,1581.0,M
2020-08-05,62.0,74.0,853.0,M
2020-08-06,108.0,129.0,1485.0,M
2020-08-07,191.0,229.0,2626.0,M
2020-08-08,183.0,219.0,2516.0,M
2020-08-09,183.0,219.0,2516.0,M
2020-08-10,185.0,222.0,2544.0,M
2020-08-11,189.0,226.0,2599.0,M
2020-08-12,181.0,217.0,2489.0,M
2020-08-13,194.0,232.0,2668.0,M
2020-08-14,192.0,230.0,2640.0,M
2020-08-15,25.0,30.0,344.0,M
2020-08-16,1.0,1.0,14.0,M
2020-08-17,198.0,237.0,2723.0,M
2020-08-18,213.0,255.0,2929.0,M
2020-08-19,201.0,241.0,2764.0,M
2020-08-20,188.0,225.0,2585.0,M
2020-08-21,205.0,246.0,2819.0,M
2020-08-22,211.0,253.0,2901.0,M
2020-08-23,210.0,252.0,2888.0,M
2020-08-24,221.0,265.0,3039.0,M
2020-08-25,214.0,259.0,2950.0,M
2020-08-26,218.0,264.0,3005.0,M
2020-08-27,219.0,265.0,3019.0,M
2020-08-28,248.0,300.0,3419.0,M
2020-08-29,276.0,334.0,3805.0,M
2020-08-30,259.0,313.0,3570.0,M
2020-08-31,156.0,189.0,2150.0,M
2020-09-01,157.0,190.0,2164.0,M
2020-09-02,69.0,83.0,951.0,M
2020-09-03,171.0,207.0,2357.0,M
2020-09-04,176.0,213.0,2426.0,M
2020-09-05,125.0,151.0,1723.0,M
2020-09-06,90.0,109.0,1241.0,M
2020-09-07,121.0,146.0,1668.0,M
2020-09-08,333.0,403.0,4590.0,M
2020-09-09,194.0,235.0,2674.0,M
2020-09-10,207.0,250.0,2853.0,M
2020-09-11,217.0,262.0,2991.0,M
2020-09-12,176.0,213.0,2426.0,M
2020-09-13,114.0,138.0,1571.0,M
2020-09-14,170.0,206.0,2343.0,M
2020-09-15,200.0,242.0,2757.0,M
2020-09-16,199.0,241.0,2743.0,M
2020-09-17,125.0,151.0,1723.0,M
2020-09-18,177.0,214.0,2440.0,M
2020-09-19,202.0,244.0,2785.0,M
2020-09-20,173.0,209.0,2385.0,M
2020-09-21,94.0,114.0,1296.0,M
2020-09-22,177.0,214.0,2440.0,M
2020-09-23,244.0,295.0,3364.0,M
2020-09-24,279.0,337.0,3846.0,M
2020-09-25,187.0,229.0,2630.0,M
2020-09-26,195.0,238.0,2742.0,M
2020-09-27,292.0,357.0,4106.0,M
2020-09-28,279.0,341.0,3924.0,M
2020-09-29,246.0,301.0,3459.0,M
2020-09-30,312.0,381.0,4388.0,M
2020-10-01,529.0,646.0,7439.0,M
2020-10-02,717.0,876.0,10083.0,M
2020-10-03,586.0,716.0,8241.0,M
2020-10-04,605.0,739.0,8508.0,M
2020-10-05,840.0,1026.0,11813.0,M
2020-10-06,691.0,844.0,9717.0,M
2020-10-07,542.0,662.0,7622.0,M
2020-10-08,416.0,508.0,5850.0,M
2020-10-09,493.0,602.0,6933.0,M
2020-10-10,522.0,638.0,7341.0,M
2020-10-11,587.0,717.0,8255.0,M
2020-10-12,719.0,879.0,10111.0,M
2020-10-13,820.0,1002.0,11531.0,M
2020-10-14,783.0,957.0,11011.0,M
2020-10-15,842.0,1029.0,11841.0,M
2020-10-16,769.0,940.0,10814.0,M
2020-10-17,739.0,903.0,10392.0,M
2020-10-18,702.0,858.0,9872.0,M
2020-10-19,766.0,936.0,10772.0,M
2020-10-20,728.0,890.0,10238.0,M
2020-10-21,369.0,451.0,5189.0,M
2020-10-22,327.0,400.0,4599.0,M
2020-10-23,444.0,543.0,6244.0,M
2020-10-24,515.0,629.0,7242.0,M
2020-10-25,751.0,933.0,10737.0,M
2020-10-26,850.0,1057.0,12152.0,M
2020-10-27,947.0,1177.0,13539.0,M
2020-10-28,707.0,879.0,10108.0,M
2020-10-29,711.0,884.0,10165.0,M
2020-10-30,601.0,747.0,8592.0,M
2020-10-31,402.0,500.0,5747.0,M
2020-11-01,266.0,331.0,3803.0,M
2020-11-02,366.0,455.0,5233.0,M
2020-11-03,820.0,1019.0,11724.0,M
2020-11-04,940.0,1168.0,13439.0,M
2020-11-05,984.0,1223.0,14068.0,M
2020-11-06,928.0,1154.0,13268.0,M
2020-11-07,578.0,718.0,8264.0,M
2020-11-08,495.0,615.0,7077.0,M
2020-11-09,510.0,634.0,7291.0,M
2020-11-10,612.0,761.0,8750.0,M
2020-11-11,758.0,942.0,10837.0,M
2020-11-12,670.0,833.0,9579.0,M
2020-11-13,679.0,844.0,9708.0,M
2020-11-14,509.0,633.0,7277.0,M
2020-11-15,557.0,692.0,7963.0,M
2020-11-16,775.0,963.0,11080.0,M
2020-11-17,875.0,1088.0,12510.0,M
2020-11-18,895.0,1112.0,12796.0,M
2020-11-19,1028.0,1278.0,14697.0,M
2020-11-20,1203.0,1495.0,17199.0,M
2020-11-21,1129.0,1403.0,16141.0,M
2020-11-22,982.0,1221.0,14040.0,M
2020-11-23,1111.0,1381.0,15884.0,M
2020-11-24,1204.0,1497.0,17214.0,M
2020-11-25,1108.0,1382.0,15969.0,M
2020-11-26,1104.0,1377.0,15912.0,M
2020-11-27,1090.0,1359.0,15710.0,M
2020-11-28,1051.0,1311.0,15148.0,M
2020-11-29,1416.0,1766.0,20409.0,M
2020-11-30,1594.0,1988.0,22974.0,M
2020-12-01,1330.0,1659.0,19169.0,M
2020-12-02,1292.0,1611.0,18621.0,M
2020-12-03,1389.0,1732.0,20019.0,M
2020-12-04,1553.0,1937.0,22383.0,M
2020-12-05,1406.0,1753.0,20264.0,M
2020-12-06,1366.0,1703.0,19688.0,M
2020-12-07,1718.0,2142.0,24761.0,M
2020-12-08,1702.0,2122.0,24531.0,M
2020-12-09,1840.0,2294.0,26520.0,M
2020-12-10,1525.0,1902.0,21980.0,M
2020-12-11,1211.0,1510.0,17454.0,M
2020-12-12,1003.0,1251.0,14456.0,M
2020-12-13,1171.0,1460.0,16877.0,M
2020-12-14,956.0,1192.0,13779.0,M
2020-12-15,1072.0,1337.0,15451.0,M
2020-12-16,1132.0,1412.0,16315.0,M
2020-12-17,1074.0,1339.0,15479.0,M
2020-12-18,692.0,863.0,9974.0,M
2020-12-19,364.0,454.0,5246.0,M
2020-12-20,487.0,607.0,7019.0,M
2020-12-21,402.0,501.0,5794.0,M
2020-12-22,289.0,360.0,4165.0,M
2020-12-23,344.0,429.0,4958.0,M
2020-12-24,610.0,761.0,8792.0,M
2020-12-25,680.0,855.0,9752.0,M
2020-12-26,694.0,873.0,9953.0,M
2020-12-27,672.0,845.0,9637.0,M
2020-12-28,732.0,921.0,10498.0,M
2020-12-29,726.0,913.0,10412.0,M
2020-12-30,1514.0,1905.0,21713.0,M
2020-12-31,1602.0,2015.0,22975.0,M
2021-01-01,1644.0,2068.0,23577.0,M
2021-01-02,1567.0,1971.0,22473.0,M
2021-01-03,1444.0,1817.0,20709.0,M
2021-01-04,2090.0,2629.0,29973.0,M
2021-01-05,2024.0,2546.0,29027.0,M
2021-01-06,1883.0,2369.0,27004.0,M
2021-01-07,1829.0,2301.0,26230.0,M
2021-01-08,1781.0,2240.0,25542.0,M
2021-01-09,1617.0,2034.0,23190.0,M
2021-01-10,1613.0,2029.0,23132.0,M
2021-01-11,1843.0,2318.0,26431.0,M
2021-01-12,1404.0,1766.0,20135.0,M
2021-01-13,1220.0,1535.0,17496.0,M
2021-01-14,1254.0,1578.0,17984.0,M
2021-01-15,1849.0,2326.0,26517.0,M
2021-01-16,1682.0,2116.0,24122.0,M
2021-01-17,1293.0,1627.0,18543.0,M
2021-01-18,1529.0,1923.0,21928.0,M
2021-01-19,1526.0,1920.0,21885.0,M
2021-01-20,1082.0,1361.0,15517.0,M
2021-01-21,1238.0,1557.0,17754.0,M
2021-01-22,1419.0,1785.0,20350.0,M
2021-01-23,1473.0,1853.0,21125.0,M
2021-01-24,1588.0,1998.0,22774.0,M
2021-01-25,1762.0,2220.0,25429.0,M
2021-01-26,1805.0,2274.0,26050.0,M
2021-01-27,1557.0,1962.0,22471.0,M
2021-01-28,1049.0,1322.0,15139.0,M
2021-01-29,1040.0,1310.0,15009.0,M
2021-01-30,858.0,1081.0,12383.0,M
2021-01-31,916.0,1154.0,13220.0,M
2021-02-01,1139.0,1435.0,16438.0,M
2021-02-02,975.0,1229.0,14071.0,M
2021-02-03,1029.0,1297.0,14851.0,M
2021-02-04,1089.0,1372.0,15716.0,M
2021-02-05,1001.0,1261.0,14446.0,M
2021-02-06,1004.0,1265.0,14490.0,M
2021-02-07,1486.0,1872.0,21446.0,M
2021-02-08,2200.0,2772.0,31750.0,M
2021-02-09,2552.0,3216.0,36831.0,M
2021-02-10,2642.0,3329.0,38129.0,M
2021-02-11,2685.0,3383.0,38750.0,M
2021-02-12,2688.0,3387.0,38793.0,M
2021-02-13,2288.0,2883.0,33021.0,M
2021-02-14,2242.0,2825.0,32357.0,M
2021-02-15,1336.0,1683.0,19281.0,M
2021-02-16,1179.0,1486.0,17015.0,M
2021-02-17,947.0,1193.0,13667.0,M
2021-02-18,1136.0,1431.0,16395.0,M
2021-02-19,872.0,1099.0,12585.0,M
2021-02-20,592.0,746.0,8544.0,M
2021-02-21,493.0,621.0,7115.0,M
2021-02-22,580.0,731.0,8371.0,M
2021-02-23,471.0,593.0,6797.0,M
2021-02-24,400.0,504.0,5773.0,M
2021-02-25,482.0,611.0,7019.0,M
2021-02-26,929.0,1177.0,13528.0,M
2021-02-27,1089.0,1380.0,15858.0,M
2021-02-28,975.0,1235.0,14198.0,M
2021-03-01,1115.0,1413.0,16236.0,M
2021-03-02,894.0,1133.0,13018.0,M
2021-03-03,652.0,826.0,9494.0,M
2021-03-04,952.0,1206.0,13863.0,M
2021-03-05,1547.0,1960.0,22527.0,M
2021-03-06,1038.0,1315.0,15115.0,M
2021-03-07,906.0,1148.0,13193.0,M
2021-03-08,1372.0,1738.0,19979.0,M
2021-03-09,1486.0,1883.0,21639.0,M
2021-03-10,1362.0,1726.0,19833.0,M
2021-03-11,1099.0,1392.0,16003.0,M
2021-03-12,1195.0,1514.0,17401.0,M
2021-03-13,1151.0,1458.0,16760.0,M
2021-03-14,984.0,1247.0,14329.0,M
2021-03-15,1204.0,1525.0,17532.0,M
2021-03-16,1323.0,1676.0,19265.0,M
2021-03-17,1397.0,1770.0,20343.0,M
2021-03-18,1469.0,1861.0,21391.0,M
2021-03-19,1591.0,2016.0,23168.0,M
2021-03-20,1261.0,1598.0,18362.0,M
2021-03-21,1053.0,1334.0,15333.0,M
2021-03-22,1573.0,1993.0,22905.0,M
2021-03-23,1242.0,1574.0,18086.0,M
2021-03-24,825.0,1045.0,12013.0,M
2021-03-25,945.0,1187.0,13639.0,M
2021-03-26,984.0,1236.0,14202.0,M
2021-03-27,930.0,1168.0,13422.0,M
2021-03-28,642.0,806.0,9266.0,M
2021-03-29,534.0,671.0,7707.0,M
2021-03-30,266.0,334.0,3839.0,M
2021-03-31,191.0,240.0,2757.0,M
2021-04-01,267.0,335.0,3854.0,M
2021-04-02,758.0,952.0,10940.0,M
2021-04-03,920.0,1156.0,13278.0,M
2021-04-04,819.0,1029.0,11820.0,M
2021-04-05,1317.0,1654.0,19008.0,M
2021-04-06,1562.0,1962.0,22544.0,M
2021-04-07,1483.0,1863.0,21404.0,M
2021-04-08,1129.0,1418.0,16295.0,M
2021-04-09,871.0,1094.0,12571.0,M
2021-04-10,799.0,1004.0,11532.0,M
2021-04-11,1167.0,1466.0,16843.0,M
2021-04-12,1213.0,1524.0,17507.0,M
2021-04-13,1180.0,1482.0,17031.0,M
2021-04-14,1180.0,1482.0,17031.0,M
2021-04-15,1275.0,1601.0,18402.0,M
2021-04-16,1059.0,1330.0,15284.0,M
2021-04-17,903.0,1134.0,13033.0,M
2021-04-18,758.0,952.0,10940.0,M
2021-04-19,624.0,784.0,9006.0,M
2021-04-20,544.0,683.0,7851.0,M
2021-04-21,507.0,637.0,7317.0,M
2021-04-22,594.0,746.0,8573.0,M
2021-04-23,485.0,609.0,7000.0,M
2021-04-24,386.0,485.0,5571.0,M
2021-04-25,471.0,579.0,6624.0,M
2021-04-26,572.0,704.0,8045.0,M
2021-04-27,470.0,578.0,6610.0,M
2021-04-28,470.0,578.0,6610.0,M
2021-04-29,720.0,886.0,10126.0,M
2021-04-30,708.0,871.0,9957.0,M
2021-05-01,760.0,935.0,10689.0,M
2021-05-02,761.0,936.0,10703.0,M
2021-05-03,252.0,310.0,3544.0,M
2021-05-04,191.0,235.0,2686.0,M
2021-05-05,224.0,276.0,3150.0,M
2021-05-06,256.0,315.0,3600.0,M
2021-05-07,171.0,210.0,2405.0,M
2021-05-08,223.0,274.0,3136.0,M
2021-05-09,245.0,301.0,3446.0,M
2021-05-10,267.0,328.0,3755.0,M
2021-05-11,232.0,285.0,3263.0,M
2021-05-12,170.0,209.0,2391.0,M
2021-05-13,183.0,225.0,2574.0,M
2021-05-14,265.0,326.0,3727.0,M
2021-05-15,306.0,376.0,4304.0,M
2021-05-16,203.0,250.0,2855.0,M
2021-05-17,191.0,235.0,2686.0,M
2021-05-18,179.0,220.0,2517.0,M
2021-05-19,191.0,235.0,2686.0,M
2021-05-20,125.0,154.0,1758.0,M
2021-05-21,135.0,166.0,1899.0,M
2021-05-22,161.0,198.0,2264.0,M
2021-05-23,125.0,154.0,1758.0,M
2021-05-24,206.0,253.0,2897.0,M
2021-05-25,209.0,254.0,2908.0,M
2021-05-26,186.0,226.0,2588.0,M
2021-05-27,116.0,141.0,1614.0,M
2021-05-28,146.0,177.0,2031.0,M
2021-05-29,118.0,143.0,1642.0,M
2021-05-30,83.0,101.0,1155.0,M
2021-05-31,74.0,90.0,1029.0,M
2021-06-01,196.0,238.0,2727.0,M
2021-06-02,206.0,250.0,2866.0,M
2021-06-03,211.0,256.0,2935.0,M
2021-06-04,236.0,287.0,3283.0,M
2021-06-05,268.0,326.0,3728.0,M
2021-06-06,220.0,267.0,3061.0,M
2021-06-07,212.0,258.0,2949.0,M
2021-06-08,228.0,277.0,3172.0,M
2021-06-09,215.0,261.0,2991.0,M
2021-06-10,217.0,264.0,3019.0,M
2021-06-11,214.0,260.0,2977.0,M
2021-06-12,226.0,275.0,3144.0,M
2021-06-13,204.0,248.0,2838.0,M
2021-06-14,178.0,216.0,2476.0,M
2021-06-15,205.0,249.0,2852.0,M
2021-06-16,199.0,242.0,2768.0,M
2021-06-17,198.0,241.0,2755.0,M
2021-06-18,205.0,249.0,2852.0,M
2021-06-19,202.0,245.0,2810.0,M
2021-06-20,213.0,259.0,2963.0,M
2021-06-21,226.0,275.0,3144.0,M
2021-06-22,274.0,333.0,3812.0,M
2021-06-23,282.0,343.0,3923.0,M
2021-06-24,200.0,243.0,2782.0,M
2021-06-25,238.0,287.0,3305.0,M
2021-06-26,223.0,269.0,3096.0,M
2021-06-27,217.0,262.0,3013.0,M
2021-06-28,242.0,292.0,3360.0,M
2021-06-29,258.0,311.0,3582.0,M
2021-06-30,266.0,321.0,3693.0,M
2021-07-01,243.0,293.0,3374.0,M
2021-07-02,213.0,257.0,2958.0,M
2021-07-03,218.0,263.0,3027.0,M
2021-07-04,230.0,278.0,3194.0,M
2021-07-05,226.0,273.0,3138.0,M
2021-07-06,239.0,288.0,3319.0,M
2021-07-07,248.0,299.0,3444.0,M
2021-07-08,227.0,274.0,3152.0,M
2021-07-09,227.0,274.0,3152.0,M
2021-07-10,237.0,286.0,3291.0,M
2021-07-11,225.0,272.0,3124.0,M
2021-07-12,222.0,268.0,3083.0,M
2021-07-13,244.0,295.0,3388.0,M
2021-07-14,232.0,280.0,3221.0,M
2021-07-15,219.0,264.0,3041.0,M
2021-07-16,239.0,288.0,3319.0,M
2021-07-17,222.0,268.0,3083.0,M
2021-07-18,204.0,246.0,2833.0,M
2021-07-19,201.0,243.0,2791.0,M
2021-07-20,206.0,249.0,2860.0,M
2021-07-21,202.0,244.0,2805.0,M
2021-07-22,205.0,247.0,2846.0,M
2021-07-23,202.0,244.0,2805.0,M
2021-07-24,214.0,258.0,2971.0,M
2021-07-25,216.0,260.0,2995.0,M
2021-07-26,208.0,250.0,2884.0,M
2021-07-27,232.0,279.0,3216.0,M
2021-07-28,240.0,289.0,3327.0,M
2021-07-29,258.0,311.0,3577.0,M
2021-07-30,242.0,291.0,3355.0,M
2021-07-31,242.0,291.0,3355.0,M
2021-08-01,236.0,284.0,3272.0,M
2021-08-02,232.0,279.0,3216.0,M
2021-08-03,264.0,318.0,3660.0,M
2021-08-04,234.0,282.0,3244.0,M
2021-08-05,229.0,276.0,3175.0,M
2021-08-06,244.0,294.0,3383.0,M
2021-08-07,254.0,306.0,3521.0,M
2021-08-08,257.0,309.0,3563.0,M
2021-08-09,240.0,289.0,3327.0,M
2021-08-10,218.0,262.0,3022.0,M
2021-08-11,216.0,260.0,2995.0,M
2021-08-12,208.0,250.0,2884.0,M
2021-08-13,216.0,260.0,2995.0,M
2021-08-14,209.0,252.0,2898.0,M
2021-08-15,203.0,244.0,2814.0,M
2021-08-16,159.0,191.0,2204.0,M
2021-08-17,227.0,273.0,3147.0,M
2021-08-18,214.0,258.0,2967.0,M
2021-08-19,209.0,252.0,2898.0,M
2021-08-20,202.0,243.0,2801.0,M
2021-08-21,205.0,247.0,2842.0,M
2021-08-22,208.0,250.0,2884.0,M
2021-08-23,218.0,262.0,3022.0,M
2021-08-24,131.0,158.0,1816.0,M
2021-08-25,203.0,246.0,2830.0,M
2021-08-26,197.0,239.0,2746.0,M
2021-08-27,185.0,224.0,2579.0,M
2021-08-28,233.0,283.0,3248.0,M
2021-08-29,235.0,285.0,3276.0,M
2021-08-30,218.0,264.0,3039.0,M
2021-08-31,225.0,273.0,3136.0,M
2021-09-01,235.0,285.0,3276.0,M
2021-09-02,214.0,260.0,2983.0,M
2021-09-03,209.0,254.0,2913.0,M
2021-09-04,200.0,243.0,2788.0,M
2021-09-05,199.0,241.0,2774.0,M
2021-09-06,206.0,250.0,2872.0,M
2021-09-07,177.0,215.0,2467.0,M
2021-09-08,198.0,240.0,2760.0,M
2021-09-09,202.0,245.0,2816.0,M
2021-09-10,209.0,254.0,2913.0,M
2021-09-11,226.0,274.0,3150.0,M
2021-09-12,233.0,283.0,3248.0,M
2021-09-13,213.0,258.0,2969.0,M
2021-09-14,202.0,245.0,2816.0,M
2021-09-15,210.0,255.0,2927.0,M
2021-09-16,239.0,290.0,3332.0,M
2021-09-17,229.0,278.0,3192.0,M
2021-09-18,210.0,255.0,2927.0,M
2021-09-19,226.0,274.0,3150.0,M
2021-09-20,246.0,298.0,3429.0,M
2021-09-21,187.0,227.0,2607.0,M
2021-09-22,167.0,203.0,2328.0,M
2021-09-23,194.0,235.0,2704.0,M
2021-09-24,247.0,300.0,3443.0,M
2021-09-25,436.5,537.7,6168.6,E
2021-09-26,436.5,537.7,6168.6,E
2021-09-27,436.5,537.7,6168.6,E
2021-09-28,436.5,537.7,6168.6,E
2021-09-29,436.5,537.7,6168.6,E
2021-09-30,436.5,537.7,6168.6,E
2021-10-01,436.5,537.7,6168.6,E
2021-10-02,436.5,537.7,6168.6,E
2021-10-03,436.5,537.7,6168.6,E
2021-10-04,436.5,537.7,6168.6,E
2021-10-05,436.5,537.7,6168.6,E
2021-10-06,436.5,537.7,6168.6,E
2021-10-07,436.5,537.7,6168.6,E
2021-10-08,436.5,537.7,6168.6,E
2021-10-09,436.5,537.7,6168.6,E
2021-10-10,436.5,537.7,6168.6,E
2021-10-11,436.5,537.7,6168.6,E
2021-10-12,436.5,537.7,6168.6,E
2021-10-13,436.5,537.7,6168.6,E
2021-10-14,436.5,537.7,6168.6,E
2021-10-15,436.5,537.7,6168.6,E
2021-10-16,436.5,537.7,6168.6,E
2021-10-17,436.5,537.7,6168.6,E
2021-10-18,436.5,537.7,6168.6,E
2021-10-19,436.5,537.7,6168.6,E
2021-10-20,436.5,537.7,6168.6,E
2021-10-21,436.5,537.7,6168.6,E
2021-10-22,436.5,537.7,6168.6,E
2021-10-23,436.5,537.7,6168.6,E
2021-10-24,436.5,537.7,6168.6,E
2021-10-25,1103.0,1375.0,15800.0,M
2021-10-26,924.0,1152.0,13236.0,M
2021-10-27,811.0,1011.0,11617.0,M
2021-10-28,685.0,854.0,9812.0,M
2021-10-29,761.0,949.0,10901.0,M
2021-10-30,708.0,883.0,10142.0,M
2021-10-31,692.0,863.0,9912.0,M
2021-11-01,902.0,1125.0,12921.0,M
2021-11-02,1013.0,1263.0,14511.0,M
2021-11-03,1006.0,1254.0,14410.0,M
2021-11-04,850.0,1060.0,12176.0,M
2021-11-05,1023.0,1276.0,14654.0,M
2021-11-06,1057.0,1318.0,15141.0,M
2021-11-07,901.0,1124.0,12906.0,M
2021-11-08,1221.0,1523.0,17490.0,M
2021-11-09,1394.0,1738.0,19968.0,M
2021-11-10,1763.0,2198.0,25254.0,M
2021-11-11,1840.0,2294.0,26357.0,M
2021-11-12,1582.0,1973.0,22661.0,M
2021-11-13,1001.0,1248.0,14339.0,M
2021-11-14,984.0,1227.0,14095.0,M
2021-11-15,1562.0,1948.0,22375.0,M
2021-11-16,1508.0,1880.0,21601.0,M
2021-11-17,1259.0,1570.0,18034.0,M
2021-11-18,1413.0,1762.0,20240.0,M
2021-11-19,1228.0,1531.0,17590.0,M
2021-11-20,1446.0,1803.0,20713.0,M
2021-11-21,1297.0,1617.0,18579.0,M
2021-11-22,1733.0,2161.0,24824.0,M
2021-11-23,1791.0,2233.0,25655.0,M
2021-11-24,1878.0,2342.0,26901.0,M
2021-11-25,1764.0,2217.0,25446.0,M
2021-11-26,1822.0,2290.0,26283.0,M
2021-11-27,1643.0,2065.0,23701.0,M
2021-11-28,1512.0,1901.0,21811.0,M
2021-11-29,2134.0,2682.0,30784.0,M
2021-11-30,1954.0,2456.0,28187.0,M
2021-12-01,1496.0,1880.0,21580.0,M
2021-12-02,1769.0,2224.0,25518.0,M
2021-12-03,1812.0,2278.0,26139.0,M
2021-12-04,1247.0,1567.0,17988.0,M
2021-12-05,1515.0,1904.0,21854.0,M
2021-12-06,1663.0,2090.0,23989.0,M
2021-12-07,1797.0,2259.0,25922.0,M
2021-12-08,1843.0,2317.0,26586.0,M
2021-12-09,1843.0,2317.0,26586.0,M
2021-12-10,1652.0,2077.0,23831.0,M
2021-12-11,1346.0,1692.0,19416.0,M
2021-12-12,976.0,1227.0,14079.0,M
2021-12-13,1441.0,1811.0,20787.0,M
2021-12-14,1527.0,1919.0,22027.0,M
2021-12-15,1332.0,1674.0,19215.0,M
2021-12-16,1275.0,1603.0,18392.0,M
2021-12-17,1428.0,1795.0,20599.0,M
2021-12-18,1253.0,1575.0,18075.0,M
2021-12-19,1310.0,1647.0,18897.0,M
2021-12-20,1414.0,1777.0,20397.0,M
2021-12-21,1786.0,2245.0,25764.0,M
2021-12-22,2015.0,2533.0,29067.0,M
2021-12-23,1405.0,1766.0,20268.0,M
2021-12-24,1078.0,1355.0,15551.0,M
2021-12-25,996.0,1261.0,14525.0,M
2021-12-26,933.0,1181.0,13606.0,M
2021-12-27,969.0,1227.0,14131.0,M
2021-12-28,894.0,1132.0,13037.0,M
2021-12-29,799.0,1012.0,11652.0,M
2021-12-30,737.0,933.0,10748.0,M
2021-12-31,823.0,1042.0,12002.0,M
2022-01-01,797.0,1009.0,11623.0,M
2022-01-02,701.0,887.0,10223.0,M
2022-01-03,1092.0,1382.0,15925.0,M
2022-01-04,1449.0,1834.0,21131.0,M
2022-01-05,1759.0,2227.0,25652.0,M
2022-01-06,1595.0,2019.0,23260.0,M
2022-01-07,1517.0,1921.0,22122.0,M
2022-01-08,1248.0,1580.0,18200.0,M
2022-01-09,1304.0,1651.0,19016.0,M
2022-01-10,2065.0,2614.0,30114.0,M
2022-01-11,,,,E
2022-01-12,,,,E
2022-01-13,,,,E
2022-01-14,,,,E
2022-01-15,,,,E
2022-01-16,,,,E
2022-01-17,,,,E
2022-01-18,,,,E
2022-01-19,,,,E
2022-01-20,,,,E
2022-01-21,,,,E
2022-01-22,,,,E
2022-01-23,,,,E
2022-01-24,,,,E
2022-01-25,2095.0,2656.0,30536.0,M
2022-01-26,2112.0,2678.0,30784.0,M
2022-01-27,1814.0,2300.0,26440.0,M
2022-01-28,1556.0,1973.0,22680.0,M
2022-01-29,1061.0,1345.0,15465.0,M
2022-01-30,1007.0,1277.0,14678.0,M
2022-01-31,1628.0,2064.0,23729.0,M
2022-02-01,1477.0,1873.0,21528.0,M
2022-02-02,1169.0,1482.0,17039.0,M
2022-02-03,1401.0,1776.0,20420.0,M
2022-02-04,1505.0,1908.0,21936.0,M
2022-02-05,1303.0,1652.0,18992.0,M
2022-02-06,1059.0,1343.0,15436.0,M
2022-02-07,1391.0,1764.0,20275.0,M
2022-02-08,1352.0,1714.0,19706.0,M
2022-02-09,1268.0,1608.0,18482.0,M
2022-02-10,1448.0,1836.0,21106.0,M
2022-02-11,1587.0,2012.0,23132.0,M
2022-02-12,1423.0,1804.0,20741.0,M
2022-02-13,955.0,1211.0,13920.0,M
2022-02-14,1274.0,1615.0,18569.0,M
2022-02-15,1357.0,1721.0,19779.0,M
2022-02-16,993.0,1259.0,14474.0,M
2022-02-17,919.0,1165.0,13395.0,M
2022-02-18,1218.0,1544.0,17753.0,M
2022-02-19,1144.0,1451.0,16675.0,M
2022-02-20,886.0,1123.0,12914.0,M
2022-02-21,1385.0,1756.0,20187.0,M
2022-02-22,1072.0,1359.0,15625.0,M
2022-02-23,952.0,1207.0,13876.0,M
2022-02-24,1182.0,1499.0,17228.0,M
2022-02-25,,,,E
2022-02-26,,,,E
2022-02-27,,,,E
2022-02-28,,,,E
2022-03-01,,,,E
2022-03-02,,,,E
2022-03-03,,,,E
2022-03-04,,,,E
2022-03-05,,,,E
2022-03-06,,,,E
2022-03-07,,,,E
2022-03-08,,,,E
2022-03-09,,,,E
2022-03-10,,,,E
2022-03-11,,,,E
2022-03-12,,,,E
2022-03-13,,,,E
2022-03-14,,,,E
2022-03-15,,,,E
2022-03-16,,,,E
2022-03-17,,,,E
2022-03-18,,,,E
2022-03-19,,,,E
2022-03-20,,,,E
2022-03-21,,,,E
2022-03-22,,,,E
2022-03-23,,,,E
2022-03-24,,,,E
2022-03-28,278.0,346.0,3973.0,M
2022-03-29,471.0,586.0,6731.0,M
2022-03-30,797.0,991.0,11389.0,M
2022-03-31,1624.0,2020.0,23207.0,M
2022-04-01,2168.0,2697.0,30980.0,M
2022-04-02,1744.0,2170.0,24921.0,M
2022-04-03,1180.0,1468.0,16862.0,M
2022-04-04,1413.0,1758.0,20192.0,M
2022-04-05,1221.0,1519.0,17448.0,M
2022-04-06,1062.0,1321.0,15176.0,M
2022-04-07,864.0,1075.0,12346.0,M
2022-04-08,1585.0,1972.0,22649.0,M
2022-04-09,1142.0,1421.0,16319.0,M
2022-04-10,844.0,1050.0,12061.0,M
2022-04-11,600.0,746.0,8574.0,M
2022-04-12,240.0,299.0,3430.0,M
2022-04-13,510.0,634.0,7288.0,M
2022-04-14,326.0,406.0,4658.0,M
2022-04-15,235.0,292.0,3358.0,M
2022-04-16,229.0,285.0,3272.0,M
2022-04-17,238.0,296.0,3401.0,M
2022-04-18,268.0,333.0,3830.0,M
2022-04-19,420.0,522.0,6002.0,M
2022-04-20,369.0,459.0,5273.0,M
2022-04-21,297.0,369.0,4244.0,M
2022-04-22,321.0,399.0,4587.0,M
2022-04-23,260.0,323.0,3715.0,M
2022-04-24,249.0,310.0,3558.0,M
2022-04-28,108.0,133.0,1528.0,M
2022-04-29,125.0,154.0,1768.0,M
2022-04-30,159.0,195.0,2249.0,M
2022-05-01,138.0,170.0,1952.0,M
2022-05-02,120.0,147.0,1697.0,M
2022-05-03,113.0,139.0,1598.0,M
2022-05-04,169.0,208.0,2391.0,M
2022-05-05,150.0,184.0,2122.0,M
2022-05-06,97.0,119.0,1372.0,M
2022-05-07,186.0,229.0,2631.0,M
2022-05-08,255.0,313.0,3607.0,M
2022-05-09,188.0,231.0,2659.0,M
2022-05-10,232.0,285.0,3282.0,M
2022-05-11,209.0,257.0,2956.0,M
2022-05-12,118.0,145.0,1669.0,M
2022-05-13,91.0,112.0,1287.0,M
2022-05-14,84.0,103.0,1188.0,M
2022-05-15,146.0,179.0,2065.0,M
2022-05-16,216.0,265.0,3055.0,M
2022-05-17,206.0,253.0,2914.0,M
2022-05-18,197.0,242.0,2787.0,M
2022-05-19,200.0,246.0,2829.0,M
2022-05-20,253.0,311.0,3579.0,M
2022-05-21,240.0,295.0,3395.0,M
2022-05-22,226.0,278.0,3197.0,M
2022-05-23,255.0,313.0,3607.0,M
2022-05-24,155.0,190.0,2193.0,M
